Name,RegNo,CardNo,Phone,RoomNo
Rahul Sharma,14486,2386,9876543210,101
Aman Verma,13786,4868,9123456780,102
Rohit Singh,15509,5789,9988776655,103
Neeraj Kumar,16234,3491,9090909090,104
Saurabh Yadav,17845,6723,9345678123,105
Ankit Mishra,13579,8842,9456123789,106
Pankaj Gupta,14672,1123,9812345678,107
Abhishek Patel,15963,4456,9900112233,108
Mohit Jain,17025,7789,9877001122,109
Kunal Mehta,18234,3344,9765432109,110
Deepak Rana,14890,5566,9898989898,111
Nikhil Saxena,13975,9012,9001122334,112
Arjun Thakur,16543,7771,9112233445,113
Shubham Tiwari,17289,6420,9223344556,114
Aditya Joshi,14123,8531,9334455667,115
Prateek Malhotra,15874,2698,9445566778,116
Ritesh Pandey,16902,3145,9556677889,117
Vikas Choudhary,13345,4821,9667788990,118
Harshit Bansal,17654,5903,9778899001,119
Sumit Rawat,14987,6012,9889900112,120
Akash Negi,15432,7234,9990011223,121
Yash Kapoor,16789,8456,9011223344,122
Manish Arora,13864,9345,9122334455,123
Tushar Goyal,17321,2178,9233445566,124
Devendra Singh,16098,4987,9344556677,125
